<?xml version="1.0" encoding="utf-8"?><edmx:Edmx Version="1.0" xmlns:edmx="http://schemas.microsoft.com/ado/2007/06/edmx" xmlns:m="http://schemas.microsoft.com/ado/2007/08/dataservices/metadata" xmlns:sap="http://www.sap.com/Protocols/SAPData"><edmx:Reference Uri="https://sap/opu/odata/IWFND/CATALOGSERVICE;v=2/Vocabularies(TechnicalName='%2FIWBEP%2FVOC_COMMON',Version='0001',SAP__Origin='LOCAL')/$value" xmlns:edmx="http://docs.oasis-open.org/odata/ns/edmx"><edmx:Include Namespace="com.sap.vocabularies.Common.v1" Alias="Common"/></edmx:Reference><edmx:DataServices m:DataServiceVersion="2.0"><Schema Namespace="ZAGENCYCDS_SRV" xml:lang="en" sap:schema-version="1" xmlns="http://schemas.microsoft.com/ado/2008/09/edm"><EntityType Name="Z_TRAVEL_AGENCY_ES5Type" sap:label="Travel agencies in ES5" sap:content-version="1"><Key><PropertyRef Name="AgencyId"/></Key><Property Name="AgencyId" Type="Edm.String" Nullable="false" MaxLength="6" sap:display-format="NonNegative" sap:label="Agency ID" sap:quickinfo="Test"/><Property Name="Name" Type="Edm.String" MaxLength="31" sap:display-format="UpperCase"/><Property Name="Street" Type="Edm.String" MaxLength="30" sap:label="Street"/><Property Name="PostalCode" Type="Edm.String" MaxLength="10" sap:display-format="UpperCase" sap:label="Postal Code"/><Property Name="City" Type="Edm.String" MaxLength="25" sap:label="City"/><Property Name="Country" Type="Edm.String" MaxLength="3" sap:display-format="UpperCase" sap:label="Country" sap:quickinfo="Country Code"/><Property Name="PhoneNumber" Type="Edm.String" MaxLength="30" sap:display-format="UpperCase" sap:label="Tel. no." sap:quickinfo="Telephone number of flight customer"/><Property Name="WebAddress" Type="Edm.String" MaxLength="255" sap:label="Travel agency URL" sap:quickinfo="Travel agency homepage URL"/></EntityType><EntityContainer Name="ZAGENCYCDS_SRV_Entities" m:IsDefaultEntityContainer="true" sap:supported-formats="atom json xlsx"><EntitySet Name="Z_TRAVEL_AGENCY_ES5" EntityType="ZAGENCYCDS_SRV.Z_TRAVEL_AGENCY_ES5Type" sap:creatable="false" sap:updatable="false" sap:deletable="false" sap:content-version="1"/></EntityContainer><atom:link rel="self" href="https://sapes5.sapdevcenter.com/sap/opu/odata/sap/ZAGENCYCDS_SRV/$metadata" xmlns:atom="http://www.w3.org/2005/Atom"/><atom:link rel="latest-version" href="https://sapes5.sapdevcenter.com/sap/opu/odata/sap/ZAGENCYCDS_SRV/$metadata" xmlns:atom="http://www.w3.org/2005/Atom"/></Schema></edmx:DataServices></edmx:Edmx>